"","name","deltahyp","deltafd","category","hdepth","udist"
"1","9430076C15Rik",0.230150077771296,-0.073507164814775,"outlier",8,0.231248432301147
"2","AC168977.1",-0.00404195528200846,-0.0090918822745941,"bag",231,0.0324005912819318
"3","AC189028.1",-0.0479498390470483,-0.098690207356167,"fence",72,0.075729288310866
"4","Ahctf1",-0.00209487601287566,-0.014613741971034,"bag",258,0.0266567586479366
"5","Ahr",0.00597723007399838,-0.00939210395578199,"bag",220,0.0320354134893681
"6","Ahrr",0.00597723007399838,-0.00939210395578199,"bag",220,0.0320354134893681
"7","Alx1",-0.0675648707924908,-0.163081784026793,"outlier",29,0.140051665591206
"8","Alx3",-0.0928049629209016,-0.2215384276965,"outlier",1,0.203480877516443
"9","Alx4",-0.0547725285161255,-0.147787276732687,"outlier",44,0.120501917904962
"10","Ar",0.000377548707240781,0.026708184249807,"fence",32,0.0677805784543651
"11","Arid2",0.00596468996458589,0.00693580480718491,"bag",125,0.0482403960426584
"12","Arid3a",-0.031799124283351,-0.0281266316860713,"bag",161,0.0354349482630808
"13","Arid3b",-0.062466942998685,-0.124969653577824,"fence",50,0.105316428562932
"14","Arid3c",-0.031799124283351,-0.0281266316860713,"bag",161,0.0354349482630808
"15","Arid5a",-0.0207537267702287,0.00784945857384001,"bag",96,0.0536127279119631
"16","Arid5b",0.0383291463552783,-0.01001959221946,"bag",87,0.0484088830403195
"17","Arnt",0.0440850152202504,-0.057181839132875,"bag",87,0.0458235861247238
"18","Arnt2",0.0841610549267822,-0.06158077543925,"outlier",28,0.0854709033708121
"19","Arntl",0.062609770685959,-0.0683783521838539,"fence",52,0.0672196449912637
"20","Arx",-0.0675648707924908,-0.163081784026793,"outlier",29,0.140051665591206
"21","Ascl2",-0.0249927790350322,0.0251245033109137,"fence",34,0.0711817023892694
"22","Atf1",0.044718042687261,-0.00506237981519003,"fence",69,0.0564908213748538
"23","Atf2",0.196628063898483,-0.089727864705332,"outlier",9,0.201406402468117
"24","Atf3",0.150810186361047,-0.032423096530907,"outlier",17,0.14987142416184
"25","Atf4",0.0591503044124323,-0.000968520192216021,"fence",44,0.0704806997836811
"26","Atf6",0.143990924387936,-0.0776600468033671,"outlier",17,0.147416446519804
"27","Atf6b",0.143990924387936,-0.0776600468033671,"outlier",17,0.147416446519804
"28","Atf7",0.198685597704003,-0.082058136651506,"outlier",11,0.201706277185995
"29","Atoh1",0.0649583394400461,0.000752262005923987,"outlier",36,0.0762595424331386
"30","Atoh8",-0.00773363947211237,-0.00590335063186399,"bag",199,0.0362783834222061
"31","Bach1",0.408317192626981,-0.046090244318779,"outlier",2,0.407159901737485
"32","Bach2",0.379710710000061,-0.040703459713802,"outlier",3,0.378522613184131
"33","Barhl1",-0.0342781814504124,-0.0787368423473328,"bag",103,0.051738237688799
"34","Barhl2",-0.0460218631059135,-0.0959182922607108,"fence",77,0.0723698920040246
"35","Barx1",-0.0264494652338728,-0.0717272835176886,"bag",136,0.0412778881472742
"36","Barx2",-0.035434948458925,-0.0999101693481347,"bag",90,0.0693088353070946
"37","Bbx",0.000679502439439078,-0.051410545277476,"bag",210,0.0103555053339106
"38","Bcl6",-0.0199514707711939,-0.0183312885147597,"bag",193,0.0310455488386546
"39","Bcl6b",-0.0131487473463607,0.024212684394341,"fence",39,0.0668360571603051
"40","Bhlha15",0.0567616818877208,-0.00449669776933703,"fence",54,0.0665269178592364
"41","Bhlhe22",0.0505403950148541,0.015673028033582,"outlier",26,0.0752005634261893
"42","Bhlhe23",0.0367892847272601,0.017279818533285,"fence",32,0.0683509107704824
"43","Bhlhe40",0.0591949383345247,-0.075716315398047,"fence",49,0.0675670822536898
"44","Bhlhe41",0.048291892965577,-0.04791485527824,"bag",85,0.0475987055198611
"45","Bsx",-0.0152130494036037,-0.0748960576732408,"bag",155,0.0375948344416119
"46","Cdc5l",-0.0367559393566802,-0.030331868785838,"bag",130,0.0394337155700192
"47","Cdx1",-0.032964414204015,-0.020100317886615,"bag",143,0.0400753116407295
"48","Cdx2",-0.0238695584169507,-0.00390717650667199,"bag",138,0.0448195033986931
"49","Cdx4",-0.032964414204015,-0.020100317886615,"bag",143,0.0400753116407295
"50","Cebpa",0.118836728519579,0.100449009773663,"outlier",1,0.184032863256956
"51","Cebpb",0.0896971562404234,0.065880007337972,"outlier",2,0.138822194417927
"52","Cebpd",0.0715313947769114,0.067480928600175,"outlier",3,0.12934808140798
"53","Cebpe",-0.0154992323124986,0.0847449255790367,"outlier",1,0.126914343858628
"54","Cebpg",0.0670265650243345,0.056261366687347,"outlier",5,0.117505735977236
"55","Cenpb",-0.0232066126533317,-0.025424248867219,"bag",197,0.0289797019095383
"56","Cic",0.112673850868181,0.00895634889429287,"outlier",17,0.122194207411806
"57","Clock",0.044893162393232,-0.043125324388569,"bag",99,0.043753307367451
"58","Cphx",0.0302157884379031,-0.037710367095199,"bag",131,0.0292210089200058
"59","Creb1",0.134904468385703,-0.064446729593739,"outlier",19,0.135744640583522
"60","Creb3l2",0.0581539158053575,-0.0413537949542341,"fence",70,0.056966363079493
"61","Creb3l3",0.148502994373153,-0.043309878163224,"outlier",18,0.147331787162371
"62","Crebzf",-0.0314955621455082,0.016200563389151,"fence",41,0.0659383750557734
"63","Crem",0.151710426275889,-0.0936445384888279,"outlier",14,0.159440456423942
"64","Crx",-0.0131794154520908,-0.095236836857001,"bag",128,0.0560423283431854
"65","Ctcf",0.0214442211756909,-0.0615019447537799,"bag",134,0.0287726980516691
"66","Cux1",-0.0171347174880668,-0.0364569238951539,"bag",227,0.0188941729721361
"67","Cux2",0.0751027734043017,-0.0245909206945715,"fence",41,0.075728678156744
"68","Cxxc1",-0.0258561499531431,-0.00314428224546304,"bag",128,0.0465786930935436
"69","Dbp",0.011480969284412,0.011492967682067,"fence",74,0.0535588196786554
"70","Dbx1",-0.107927051667261,-0.172866854906816,"outlier",10,0.171105849695516
"71","Dbx2",-0.0837553781159762,-0.141123269356158,"outlier",31,0.131250034501139
"72","Dlx1",-0.0656109450386005,-0.123519333356393,"fence",46,0.106115186029066
"73","Dlx2",-0.0494940791516772,-0.125333910622009,"fence",59,0.0983337225988144
"74","Dlx3",-0.0755892029855271,-0.128080071168492,"outlier",39,0.11604292427785
"75","Dlx4",-0.0826113008257081,-0.140230484460833,"outlier",32,0.129829337418257
"76","Dlx5",-0.0828545794347726,-0.129048469535444,"outlier",29,0.121671047734374
"77","Dlx6",-0.0464071723071776,-0.127632068583418,"fence",62,0.0987863501044942
"78","Dmbx1",-0.025578001932591,-0.086375377641998,"bag",119,0.0526235030085046
"79","Dmrt1",-0.0146914928450172,0.00917898313723997,"bag",92,0.0526961153143567
"80","Dmrt2",0.00553817688146237,-0.034586785017156,"bag",251,0.00780525013576508
"81","Dmrt3",0.0477455085485855,0.003542545981078,"fence",49,0.0644797374768031
"82","Dmrta1",-0.00273997379195074,-0.024518205558329,"bag",295,0.0170091671440776
"83","Dmrtc2",0.0518337897626061,-0.00209544865612699,"fence",59,0.0639045601705788
"84","Dnajc21",-0.0203511231465342,-0.073805412666395,"bag",150,0.0391881804384454
"85","Dobox4",0.0390962898427378,-0.0033868130283525,"fence",75,0.0534495596142446
"86","Dux",0.0173366365967836,-0.0403218506823,"bag",181,0.0161655727593069
"87","Duxbl",0.0180448123205084,-0.052566713910485,"bag",162,0.0204052402212514
"88","E2f1",-0.0301186412892565,-0.00164378563446399,"bag",101,0.0503423842957053
"89","E2f2",-0.0174931795600611,-0.02185949639589,"bag",210,0.0267945102536682
"90","E2f3",-0.0147149003757992,-0.018783841754165,"bag",214,0.0273765290292331
"91","E2f4",-0.0324370767173926,-0.033773310706472,"bag",153,0.0344074110035036
"92","E2f5",-0.0165073990236977,-0.014189991526682,"bag",192,0.0321798023258763
"93","E2f6",-0.0194981947988777,-0.02507032965809,"bag",211,0.0261503502828469
"94","E2f7",-0.0153963799310652,0.00197195082171403,"bag",133,0.0461242769129384
"95","E2f8",-0.00953134833911109,-0.011251320204169,"bag",212,0.0316846579508542
"96","Ebf1",0.00950778414328507,-0.0018048865794902,"bag",172,0.0401344075504515
"97","Egr1",-0.00816748422771412,-0.10708232558877,"bag",104,0.0666744431009799
"98","Egr2",-0.0115732819605487,-0.085552163071992,"bag",142,0.0462789202296512
"99","Egr3",-0.00580249712859873,-0.096848519016833,"bag",125,0.0562173270265834
"100","Egr4",0.00931730783659795,-0.066202588764601,"bag",169,0.0264168814355306
"101","Ehf",-0.0595027378120561,-0.00639017440595196,"outlier",15,0.069899347121165
"102","Elf1",-0.0418321821126074,0.00535628936009001,"fence",44,0.0632924316816514
"103","Elf2",-0.043792003950223,0.00394388298736398,"fence",42,0.0636337482134918
"104","Elf3",-0.0629430085284312,-0.016329762973068,"outlier",16,0.0687370279827123
"105","Elf4",-0.0399101200844945,0.00485040762373501,"fence",49,0.0616241530921933
"106","Elf5",-0.0611232964878084,-0.013412063690136,"fence",17,0.068172994882131
"107","Elk1",-0.035986686334712,0.04165056637595,"outlier",12,0.0906877254852972
"108","Elk3",-0.0336840967633202,0.045745159802015,"outlier",7,0.093554945885381
"109","Elk4",-0.0338713106659586,0.046659401427866,"outlier",3,0.0944732319155341
"110","Emx1",-0.038639357039071,-0.160349947888229,"outlier",30,0.125755841005587
"111","Emx2",-0.0329580567080844,-0.153087546520601,"fence",44,0.117108720369295
"112","En1",-0.0284417490099513,-0.122664909276499,"fence",77,0.0868105288250725
"113","En2",-0.0755543394499777,-0.148157820715511,"outlier",33,0.131748834698393
"114","ENSMUSG00000040953",-0.0158897087738034,-0.089743087803042,"bag",134,0.0515845504261079
"115","ENSMUSG00000044690",-0.030135285245364,0.047667684425325,"outlier",4,0.094101574182419
"116","ENSMUSG00000079994",0.13138662187672,-0.0313796715095246,"outlier",20,0.130558282904854
"117","Eomes",-0.0279241775977717,-0.0154953354930635,"bag",160,0.0387488405175695
"118","Erf",-0.0293549280271636,0.030695362764419,"outlier",24,0.0779923205560093
"119","Erg",-0.0335045724601044,0.036607833843977,"outlier",19,0.0850708998867494
"120","Esr1",0.0602595609266917,-0.104318582522142,"outlier",35,0.0865454266235083
"121","Esr2",0.0417593868015733,-0.0198579174334969,"bag",94,0.0457806038176912
"122","Esrra",0.0225413452992943,-0.133418378173701,"fence",38,0.0947872883774301
"123","Esrrb",0.0188649613017138,-0.0995226489022432,"fence",78,0.0610693414169205
"124","Esrrg",0.0123908891614432,-0.0792716346614794,"bag",130,0.0398126997527635
"125","Esx1",-0.101483159280462,-0.19846960659172,"outlier",5,0.187927729776493
"126","Ets1",-0.0339381132977913,0.028640214102388,"outlier",25,0.0780578931776566
"127","Etv1",-0.0292687826758305,0.044740819213996,"outlier",11,0.0910533230022505
"128","Etv2",-0.0424378717609112,0.029506249854186,"outlier",15,0.082969277465675
"129","Etv3",-0.0373965137376007,0.034763858966819,"outlier",20,0.0850834154682259
"130","Etv4",-0.0273213901511875,0.044281016229169,"outlier",12,0.0899843198611496
"131","Etv5",-0.030135285245364,0.047667684425325,"outlier",4,0.094101574182419
"132","Etv6",-0.0471676338433081,0.013450364127775,"fence",21,0.0728731506952931
"133","Evx1",-0.00770341891244697,-0.124703811121635,"fence",72,0.0841075923592053
"134","Evx2",-0.00752214559712613,-0.097228379460458,"bag",121,0.0568323028222287
"135","Ferd3l",-0.0101991414829384,0.009281369182488,"bag",98,0.0516206004797622
"136","Fev",-0.0301417833484159,0.045854671441885,"outlier",8,0.0923961263334204
"137","Fezf1",-0.000435850831621529,0.007636713379605,"bag",118,0.0487313308660359
"138","Figla",0.00208698056403646,-0.002409305196926,"bag",200,0.038668685273422
"139","Fli1",-0.0342693953938146,0.036594848475039,"outlier",18,0.0853738461672733
"140","Fos",0.430613187819934,-0.056539015432414,"outlier",1,0.429703531264394
"141","Fosb",0.385302676452642,-0.035202594028065,"outlier",2,0.384159177202005
"142","Fosl1",0.369166691871474,-0.049166510980059,"outlier",3,0.368067535643807
"143","Fosl2",0.272553793279688,-0.032591380518887,"outlier",10,0.271497866580841
"144","Foxa1",-0.0201076379593757,-0.021843853055377,"bag",199,0.0286891291035477
"145","Foxa2",-0.0409439588317401,-0.01428083461749,"fence",81,0.0499264734165121
"146","Foxb1",-0.0104956247868307,-0.02241528159772,"bag",245,0.0220095522657464
"147","Foxc1",-0.0346935863506169,-0.025432583507546,"bag",141,0.0391402579097158
"148","Foxc2",-0.0379168462777311,-0.026628092776264,"bag",122,0.0416858256961124
"149","Foxd1",-0.0423060334541423,-0.014417219409635,"fence",72,0.0510097488768401
"150","Foxd2",-0.0342951767015325,-0.012523226169537,"bag",109,0.0455395794004614
"151","Foxd3",-0.0272517180131579,0.00121094436076502,"bag",105,0.0509539373581068
"152","Foxe3",-0.0342951767015325,-0.012523226169537,"bag",109,0.0455395794004614
"153","Foxf1a",-0.049614247257971,-0.015100904588829,"fence",45,0.0570540304864478
"154","Foxf2",-0.049614247257971,-0.015100904588829,"fence",45,0.0570540304864478
"155","Foxg1",-0.0468398808472932,-0.017068867627837,"fence",62,0.0536902225509804
"156","Foxh1",-0.0167105154138314,-0.005879833081742,"bag",167,0.0394783699421779
"157","Foxi1",-0.0235021115921154,0.0030763939332839,"bag",108,0.0505796641615545
"158","Foxj1",-0.0383256607903511,0.00783216720253118,"fence",48,0.062869171941098
"159","Foxj2",-0.0345916815898021,-0.019141026012877,"bag",128,0.0419640004027121
"160","Foxj3",-0.0420550699740632,-0.019652946935312,"bag",87,0.0482552758732512
"161","Foxk1",-0.0481523980285748,-0.00528668458489501,"fence",38,0.0609489271322863
"162","Foxl1",-0.0541871867563406,-0.022617839408964,"fence",36,0.0583680827001519
"163","Foxo1",-0.0347842367451537,-0.018227674227358,"bag",125,0.0426108096524202
"164","Foxo3",-0.0362341886787682,-0.018637777832336,"bag",115,0.0436295202207931
"165","Foxo4",-0.0259068826314309,-0.016788270468379,"bag",173,0.0363817343749505
"166","Foxo6",-0.026171988532602,-0.019373777470257,"bag",179,0.0349170935681743
"167","Foxp1",-0.0300676738411114,-0.014384972642087,"bag",145,0.0410961535866755
"168","Foxp2",-0.0391102063892175,-0.019809689149483,"bag",103,0.0455616484604299
"169","Foxp3",-0.0398456248539862,-0.018536552574094,"bag",94,0.0468126727122067
"170","Foxq1",-0.034865864475899,-0.00213298428407302,"bag",84,0.0530641197819871
"171","Foxs1",-0.0379168462777311,-0.026628092776264,"bag",122,0.0416858256961124
"172","Gabpa",-0.0377185872272742,0.0333157850617891,"outlier",22,0.083944169268896
"173","Gata1",-0.0298181170358014,0.015775832677972,"fence",44,0.064750025473422
"174","Gata2",-0.0231842155611793,0.011756130587081,"fence",72,0.0581752430287477
"175","Gata3",-0.0183464877843408,0.010599101164523,"fence",79,0.0552363034097908
"176","Gata4",-0.0294166384487931,0.004830941921354,"bag",86,0.0551663999753503
"177","Gata5",-0.0166466352493698,0.00577999242980101,"bag",108,0.0501275944358778
"178","Gata6",-0.0188336448383286,0.00503813210615903,"bag",109,0.0502654021995409
"179","Gbx1",-0.0908700943421602,-0.164822872474189,"outlier",22,0.154240473780046
"180","Gbx2",-0.00672636611620469,-0.15727679119185,"fence",23,0.11647845413987
"181","Gcm1",-0.0112176185846,-0.016660372583618,"bag",222,0.0273791199458622
"182","Gfi1b",0.0152891471240987,0.019732671744429,"fence",45,0.0624139495540983
"183","Gli3",-0.0108596819800796,-0.0357129984687227,"bag",240,0.0131842469263749
"184","Glis1",0.00181631072654395,-0.027660932889971,"bag",276,0.0134213149317105
"185","Glis2",0.00822778040806072,-0.098136001867026,"bag",102,0.0575009860056146
"186","Gm10391",0.0180448123205084,-0.052566713910485,"bag",162,0.0204052402212514
"187","Gm239",0.00856300779073946,0.00421833425597601,"bag",145,0.0458824327465829
"188","Gm4830",-0.0275582180235929,-0.087918856956726,"bag",111,0.0549673181881178
"189","Gm4881",-0.0367788441859834,0.040877111334025,"outlier",12,0.0903129486240776
"190","Gm5294",-0.0497389133123198,-0.01853587148678,"fence",52,0.0556889084936667
"191","Gm5454",-0.030908218594044,0.041144964830801,"outlier",16,0.0882557735130418
"192","Gm5889",-0.0337517430476845,-0.072239366613186,"bag",112,0.0468240010783875
"193","Gm98",-0.0236316707237493,-0.00777394001622397,"bag",154,0.0415270239593337
"194","Gmeb1",0.0696087780803039,-0.039722778990218,"fence",46,0.0684337202027274
"195","Gmeb2",0.0805299358747478,-0.044508882464743,"fence",37,0.0794162605507632
"196","Grhl1",-0.183459553632788,-0.039752671707572,"outlier",1,0.18465250708535
"197","Gsc",-0.0155782670305733,-0.08065594730063,"bag",143,0.0429925387148957
"198","Gsc2",-0.0263904384244765,-0.080886029642517,"bag",126,0.0484365248879615
"199","Gsx1",-0.0479455517587249,-0.168726828442362,"outlier",20,0.136788249310894
"200","Gsx2",-0.0905125947727373,-0.166202203273385,"outlier",21,0.155137782396177
"201","Hand1",0.00107332557549364,0.00872887475520993,"bag",107,0.0497965529245295
"202","Hbp1",0.0445157376272462,-0.0183244735565143,"bag",86,0.0489337982025721
"203","Hdx",-0.00919053218852514,-0.0331139148305763,"bag",256,0.0130759250343537
"204","Hes1",0.021133474287489,-0.0349558874776701,"bag",168,0.0208605719352148
"205","Hes2",0.0336574135204495,-0.023940948046739,"bag",120,0.036709201802333
"206","Hes5",0.0319823567258942,-0.041306792846643,"bag",125,0.0307950141838764
"207","Hes7",0.0186753132548924,-0.017982129496527,"bag",179,0.0289608882283573
"208","Hesx1",-0.0868885137481763,-0.1699331399843,"outlier",21,0.156089274500148
"209","Hey1",0.0465700463201866,-0.059988943193274,"fence",80,0.049168330647462
"210","Hhex",0.0251692641533795,0.005963822465607,"bag",84,0.0527924006053217
"211","Hic1",-0.0231304298439371,-0.02672953873343,"bag",200,0.0282307933539498
"212","Hic2",-0.00302975985875355,-0.021539740494981,"bag",276,0.0199781620894187
"213","Hivep1",0.0377049558272487,0.00815934136167301,"fence",51,0.0612923697881807
"214","Hlf",0.010914130709773,0.0137781763548384,"fence",65,0.0557013961706315
"215","Hlx",-0.0225502810807451,-0.117757483292481,"bag",82,0.0802799193856436
"216","Hmbox1",-0.050187961793669,-0.0205362220820612,"fence",55,0.0553267804193396
"217","Hmg20b",-0.00695527057732335,-0.0411433550244771,"bag",229,0.00814389534684026
"218","Hmga2",-0.0212066474731238,-0.073342456902178,"bag",148,0.039283613890242
"219","Hmx1",-0.0728672635897038,-0.105232439817425,"outlier",41,0.0979865092827514
"220","Hmx2",-0.0662974942678091,-0.074914779827984,"fence",44,0.0754981053328696
"221","Hmx3",-0.0107793115754301,-0.0228257059848322,"bag",245,0.0218171438005763
"222","Hnf1a",-0.0593813268024738,-0.044228316884304,"fence",39,0.060652013689694
"223","Hnf1b",-0.047917404079402,-0.0233596920488081,"fence",65,0.0522009146365013
"224","Hnf4a",0.0201542061480956,-0.044037023514509,"bag",161,0.0191969909352398
"225","Hnf4g",0.00949996652045168,-0.0320744940188164,"bag",229,0.0122457846703978
"226","Homez",-0.0558016893681247,-0.061085179088974,"fence",61,0.0604033222723098
"227","Hoxa1",-0.0879801936079146,-0.1743384227729,"outlier",16,0.160350060717827
"228","Hoxa10",-0.000659107086619284,0.000804880725897988,"bag",175,0.0419131588817815
"229","Hoxa11",0.0148481690639964,-0.013227682815728,"bag",188,0.031010494103301
"230","Hoxa13",0.00767981938882018,0.011055929922424,"bag",82,0.0525261542375844
"231","Hoxa2",-0.0204647771842063,-0.125069080518456,"fence",75,0.086747405842052
"232","Hoxa3",-0.00208660927883601,-0.0970548170186799,"bag",123,0.0560829690604964
"233","Hoxa4",-0.0173344842958472,-0.106696497472735,"bag",99,0.0681927549990271
"234","Hoxa5",-0.0311538054957368,-0.0915290854110854,"bag",102,0.0599364411790942
"235","Hoxa6",-0.0429320293672885,-0.086489772280652,"bag",88,0.0633228210898182
"236","Hoxa7",-0.0319936356282527,-0.0584001843192529,"bag",135,0.0374360702612331
"237","Hoxa9",0.00725173738978371,0.00330995906193951,"bag",157,0.0447898261320691
"238","Hoxb1",0.0541638050910966,-0.020123675003719,"fence",70,0.056965365150149
"239","Hoxb13",-0.0175613598216644,0.00968696501467201,"bag",86,0.0541070145928339
"240","Hoxb2",0.0565965551730947,-0.0985415738118589,"fence",39,0.0798332122841396
"241","Hoxb3",0.0174745728530281,-0.0921278840871188,"bag",95,0.0535947924202778
"242","Hoxb4",-0.00203360500594157,-0.0890723280570666,"bag",147,0.0481127804121603
"243","Hoxb5",-0.0437137388110158,-0.0885481384987283,"bag",86,0.0653498070277209
"244","Hoxb6",0.0125852568426665,-0.018076643195627,"bag",209,0.0256607259117576
"245","Hoxb7",-0.00881545667648021,-0.0518296698852497,"bag",202,0.0146934647708533
"246","Hoxb8",-0.0172746167134739,-0.0469078165283822,"bag",203,0.0193645816424933
"247","Hoxb9",-0.0183964563190488,-0.00186098716298999,"bag",148,0.0438259717163013
"248","Hoxc10",0.00825173340908256,-0.0542798340383428,"bag",205,0.0149818909559566
"249","Hoxc11",-0.0043241306431505,-0.012810235887262,"bag",243,0.0287899657637056
"250","Hoxc12",0.0116596245391499,-0.029929876342241,"bag",217,0.0152871482000926
"251","Hoxc13",-0.00904085451332564,0.00705780054008501,"bag",111,0.0492004467382356
"252","Hoxc4",0.00121898270144989,-0.0779736426495208,"bag",166,0.03690610992453
"253","Hoxc6",-0.112356631542044,-0.163492605193498,"outlier",6,0.166974070865908
"254","Hoxc8",-0.0523091747687796,-0.0496856788279009,"fence",68,0.0541871665966771
"255","Hoxc9",-0.0674458611397109,-0.089573030463589,"fence",47,0.0840441924916028
"256","Hoxd1",-0.0516693299528031,-0.114182936380735,"fence",62,0.0902207651183521
"257","Hoxd10",0.00318160590070422,0.0040453535153958,"bag",152,0.0451569157294228
"258","Hoxd11",0.0276474183758724,-0.029592425807926,"bag",138,0.0288403329281646
"259","Hoxd12",0.0020464213311304,-0.0134690219438733,"bag",254,0.0276118619989179
"260","Hoxd13",0.00767981938882018,0.011055929922424,"bag",82,0.0525261542375844
"261","Hoxd3",0.0264030559878833,-0.0626917302291225,"bag",118,0.0332173253120306
"262","Hoxd4",-0.0545630969013402,-0.119887855126961,"fence",57,0.0965445821071384
"263","Hoxd8",-0.0369718109044872,-0.0329897456607251,"bag",128,0.0390056761399627
"264","Hoxd9",-0.00607213728590092,0.0100859193612623,"bag",94,0.0516661447116603
"265","Hsf1",-0.0148100940290645,0.0234693246994882,"fence",41,0.0664902649145062
"266","Hsf2",-0.0313455271342782,0.0537545856469676,"outlier",2,0.100248115375786
"267","Hsf4",-0.0149897315364152,0.0250259518555046,"fence",37,0.0680446778869609
"268","Hsfy2",-0.0108236265992105,0.0094004537914699,"bag",96,0.0518777857921126
"269","Id1",0.0538156065953658,-0.072520138565438,"fence",60,0.0613098847319739
"270","Id3",-0.0309643234075108,0.0156940739612031,"fence",43,0.0652355028354143
"271","Ikzf1",0.0806872358668679,-0.0135992315763519,"outlier",34,0.0841106030132742
"272","Insm1",0.0157978152740627,-0.029660583260873,"bag",198,0.0185353053582875
"273","IRC900814",-0.020528002714713,0.029490391042963,"outlier",28,0.0738242439406649
"274","Irf1",-0.030082877479234,0.0297285939722512,"outlier",27,0.0773949491184257
"275","Irf2",-0.150710764811256,-0.0150569578623719,"outlier",1,0.154109921899897
"276","Irf3",-0.0558356682071066,0.0158519822404102,"outlier",11,0.0805702326274257
"277","Irf4",-0.0982656400951052,-0.00982763806517099,"outlier",4,0.10424496357605
"278","Irf5",-0.0841617206701784,-0.014575079269013,"outlier",7,0.0893670632927158
"279","Irf6",-0.0531040116382391,-0.029740864255924,"fence",54,0.0554612095213821
"280","Irf7",-0.0641351801771775,0.033705588342963,"outlier",4,0.099288342409585
"281","Irf9",-0.0859888549655731,-0.0099279104179399,"outlier",6,0.092571746902053
"282","Irx1",0.0189403193591491,0.0066436271782204,"bag",98,0.0509066909848078
"283","Irx2",-0.00670781139369917,0.015438002634344,"fence",62,0.0570545800256208
"284","Irx3",0.0147156424647618,0.00156920635011004,"bag",135,0.044731223575146
"285","Irx4",-0.0147550343031744,0.030771073228139,"outlier",27,0.0735865215535322
"286","Irx5",0.0221643005881185,0.010384046885925,"fence",73,0.0555631185067102
"287","Irx6",-0.0109508597083145,-0.016490044969862,"bag",225,0.0274118961224736
"288","Isl1",0.0186784528229008,-0.042189104827661,"bag",172,0.0175261040589112
"289","Isx",-0.0872151425024646,-0.163350666733385,"outlier",25,0.150891767233055
"290","Jdp2",0.159413617388212,-0.0664856147038461,"outlier",16,0.160253980268164
"291","Jun",0.33447933772421,-0.063085675240733,"outlier",4,0.334017563288056
"292","Junb",0.331860168537895,-0.016303827468491,"outlier",2,0.331597866317859
"293","Jund",0.340891442936774,-0.0336922270237189,"outlier",6,0.339783224607097
"294","Kdm2b",-0.0134731614027412,-0.0338191466280418,"bag",243,0.0163553328672749
"295","Klf1",-0.0159190387554691,-0.105802487213241,"bag",102,0.0669572457368629
"296","Klf12",-0.00470938281522833,-0.10155530767951,"bag",112,0.0607745975262851
"297","Klf14",0.0304967642717184,-0.0925231762934551,"fence",68,0.0592171399533244
"298","Klf4",-0.0105558790686983,-0.10806717565814,"bag",101,0.0680211402676325
"299","Klf5",-0.0138817085660315,-0.096066391554171,"bag",123,0.0570261113763942
"300","Klf7",-0.00196899089772351,-0.108006947775601,"bag",101,0.067013818613209
"301","Klf8",-0.00662953857709745,-0.106854513191485,"bag",106,0.0662498549325577
"302","Klf9",0.0674448876883937,-0.050912103569887,"fence",52,0.0669839865727615
"303","Lbx1",-0.0710912702906224,-0.18176780551567,"outlier",14,0.158179946229845
"304","Lbx2",-0.037339826567194,-0.176890201450052,"outlier",14,0.141181472726771
"305","Lcor",0.00091173667913727,-0.015844224064333,"bag",267,0.0252248372863189
"306","Lef1",-0.0420723565294814,-0.0426818352966647,"bag",107,0.0432907369424025
"307","Lhx1",-0.109591208458951,-0.188292208612783,"outlier",6,0.18424764503234
"308","Lhx2",-0.0675648707924908,-0.163081784026793,"outlier",29,0.140051665591206
"309","Lhx3",-0.125788139076949,-0.146068908184174,"outlier",3,0.164767396998169
"310","Lhx4",-0.0949496520599947,-0.195367044132118,"outlier",8,0.181798888070451
"311","Lhx5",-0.11071258716466,-0.190686230641336,"outlier",4,0.186835631520182
"312","Lhx6",0.0216084028987955,-0.069273758621827,"bag",119,0.0348220075223231
"313","Lhx8",-0.00188040654887737,-0.065394175804039,"bag",186,0.0245194153547025
"314","Lhx9",-0.0675648707924908,-0.163081784026793,"outlier",29,0.140051665591206
"315","Lin54",-0.0101390315293446,-0.00960200310995199,"bag",205,0.0334423109459946
"316","Lmx1a",-0.10959336554896,-0.212000960426002,"outlier",2,0.203692914792587
"317","Mafb",0.0674498943920704,0.0101905647251985,"outlier",24,0.0837734831395361
"318","Mafg",0.094749108923145,-0.000276347841100102,"outlier",21,0.102066409891753
"319","Mafk",-0.00687064937457772,0.0065310559766882,"bag",123,0.0482760093126946
"320","Max",0.0337171974012956,-0.045797704433301,"bag",118,0.0328710419176502
"321","Mbd1",0.00306495427712884,-0.01646183500597,"bag",256,0.0246771741845641
"322","Mbd2",-0.0244239971768589,-0.000267249338917974,"bag",121,0.048173151185352
"323","Mecom",-0.0151723810315304,0.00811336717176109,"bag",101,0.0518308126152452
"324","Mecp2",-0.00600341667590282,0.010419650528729,"bag",89,0.051987034344924
"325","Mef2a",-0.021828541717284,0.013865538513346,"fence",63,0.0595602000444468
"326","Mef2c",-0.0290529171791371,0.019899881825343,"fence",38,0.0680555413825801
"327","Meis1",-0.0268086961307619,0.01056367698472,"fence",75,0.0587334091922613
"328","Meis2",-0.0290132558839147,0.012300910541265,"fence",63,0.0613214838531603
"329","Meis3",-0.0293734754404779,0.01147429841496,"fence",67,0.060783762336141
"330","Meox1",-0.0200014002154246,-0.129937089843476,"fence",66,0.0913608128048397
"331","Meox2",-0.0968824936448292,-0.162294604941341,"outlier",16,0.155929070406309
"332","Mesp1",-0.0287545360302696,0.002054255474137,"bag",95,0.0524982044186332
"333","Mga",0.00490076848348022,-0.0127671722339308,"bag",236,0.0285428407471661
"334","Mitf",0.0694866126152691,-0.070581393897916,"fence",40,0.0744024904784813
"335","Mlx",0.0599199234579659,-0.073548271822835,"fence",51,0.0671148603154102
"336","Mlxip",0.0538215358187647,-0.070233041011492,"fence",63,0.0601738032482183
"337","Mnt",0.0488692270023754,-0.050241673542205,"bag",82,0.0485555156831483
"338","Mnx1",-0.0576051925628978,-0.133761193201746,"fence",50,0.109766952172112
"339","Msc",0.0273083184343054,-0.00563831197661746,"bag",113,0.0440168992362923
"340","Msx1",-0.00672636611620469,-0.15727679119185,"fence",23,0.11647845413987
"341","Msx2",-0.0479585105642797,-0.125744737007341,"fence",61,0.097906245915421
"342","Msx3",-0.0462409325571077,-0.124802102811373,"fence",65,0.0962341182980628
"343","Mtf1",0.0205974237885632,-0.045751629750221,"bag",159,0.0199663672624523
"344","Myb",0.0170751877895353,0.00742390967738121,"bag",102,0.0510275937259837
"345","Mybl1",0.0258607742323958,-0.0013077696546102,"bag",106,0.0467928642642889
"346","Mybl2",0.0310602549557625,-0.0197264998785577,"bag",127,0.0367120633998499
"347","Myc",0.0632441364638099,-0.0326863883395857,"fence",61,0.0626192791414812
"348","Mycl1",0.0625810734271774,-0.049147514610036,"fence",62,0.0619222252361392
"349","Mycn",0.0625810734271774,-0.049147514610036,"fence",62,0.0619222252361392
"350","Myf6",-0.0199038790969307,0.010269072631888,"fence",81,0.0555006954536678
"351","Myod1",-0.022356733523898,0.019617553378795,"fence",46,0.0650926148454097
"352","Myog",-0.0219498528805434,0.0173685950679001,"fence",54,0.0628502612872743
"353","Mypop",-0.0240113026575727,-0.00540213677864498,"bag",145,0.0436696683996156
"354","Myt1l",-0.0413711716223443,0.0427017004537874,"outlier",7,0.0939605917520482
"355","Mzf1",0.027641371370671,-0.0337664619919153,"bag",137,0.0274421626553559
"356","Naif1",0.0168515249779688,0.00684922429134602,"bag",107,0.0504118470598746
"357","Nanog",-0.044684162851696,-0.0891381780466539,"bag",84,0.0664459628921781
"358","Neurod2",0.0625230140575054,-0.00221746716089699,"fence",42,0.0726035755370204
"359","Neurog1",0.042841907898469,-0.00314664576504101,"fence",67,0.0563295661930294
"360","Neurog2",0.0505288485212591,0.009775535407828,"fence",34,0.070848510049537
"361","Nfat5",0.00733101680934261,0.010531512624856,"bag",89,0.0519634113052687
"362","Nfatc1",-0.0425209792998266,0.007827167532651,"fence",39,0.0655834705138324
"363","Nfatc2",-0.0185876558602175,0.00430757355587696,"bag",117,0.0494973610304892
"364","Nfatc3",-0.0270818050579357,0.001860466886212,"bag",103,0.0514005009680167
"365","Nfe2",0.262515439344928,0.00101683829187799,"outlier",6,0.264694132530213
"366","Nfe2l1",0.175086193023502,-0.0134369910203285,"outlier",13,0.176079341510008
"367","Nfe2l2",0.289747138857431,-0.016387046448453,"outlier",8,0.289612407752546
"368","Nfil3",0.0806058865606235,-0.0314426463425102,"outlier",37,0.0799987262381334
"369","Nfix",0.0151507199049159,-0.07299160999472,"bag",135,0.034843878193152
"370","Nfkb1",0.0877325800281431,-0.024001961977486,"outlier",29,0.088210834979085
"371","Nfkb2",0.0719998138584247,-0.046617513686961,"fence",44,0.0710287027837583
"372","Nfya",0.0284768532839113,0.00328572158556401,"bag",83,0.0520757042630312
"373","Nhlh1",-0.0120107258396683,0.0260821714744107,"fence",36,0.0684346259714814
"374","Nhlh2",-0.013007149923566,0.0221540179115311,"fence",44,0.0647956486327485
"375","Nkx1-1",-0.0545446840857393,-0.128000256298094,"fence",54,0.103264023700888
"376","Nkx1-2",-0.0631201731591034,-0.138375967717887,"outlier",44,0.116638351934311
"377","Nkx2-1",-0.0460538658157728,-0.0129461180843286,"fence",59,0.0549784890433813
"378","Nkx2-2",-0.040480159100059,0.0068014453444518,"fence",45,0.0634641507313134
"379","Nkx2-3",-0.043887499789569,-0.00483048997044936,"fence",51,0.0578355374184421
"380","Nkx2-4",-0.0338289014351767,0.00667977323726822,"fence",64,0.0592115603269136
"381","Nkx2-5",-0.0251051884075279,-0.0011297506833683,"bag",122,0.0478160382173707
"382","Nkx2-6",-0.0317054840051441,-0.00697298122950857,"bag",109,0.0473755051853202
"383","Nkx2-9",-0.0307153040932847,0.0151034407308242,"fence",46,0.0645988998096254
"384","Nkx3-1",-0.022598964839052,0.00180781332578098,"bag",118,0.0490319184521907
"385","Nkx3-2",-0.0204399072518223,0.00405232147270501,"bag",113,0.0500357924888291
"386","Nkx6-1",-0.0429221589847437,-0.138887240728961,"fence",54,0.107305278939963
"387","Nkx6-3",-0.060340672012644,-0.137020901654182,"outlier",46,0.113986216261767
"388","Nobox",-0.0411337820735273,-0.118938428213996,"fence",71,0.0886286106632937
"389","Noto",-0.127834147926909,-0.203753836861395,"outlier",1,0.207638181021936
"390","NP_001076596.1",-0.0208955302182527,-0.092903251653575,"bag",117,0.0563438971748687
"391","NP_032283.3",-0.0107793115754301,-0.0228257059848322,"bag",245,0.0218171438005763
"392","NP_032296.2",-0.0183964563190488,-0.00186098716298999,"bag",148,0.0438259717163013
"393","NP_032300.2",0.0020464213311304,-0.0134690219438733,"bag",254,0.0276118619989179
"394","NP_083278.1",-0.060340672012644,-0.137020901654182,"outlier",46,0.113986216261767
"395","NP_663755.2",-0.0456939535253059,-0.092587908936696,"fence",79,0.0696583872241972
"396","Npas1",0.0255402477043695,-0.014874110462159,"bag",142,0.0357647139515048
"397","Npas2",0.0533275087536938,-0.054060354525612,"fence",75,0.0537337240878318
"398","Npas3",0.0255402477043695,-0.014874110462159,"bag",142,0.0357647139515048
"399","Npas4",0.0362333414704779,-0.000702679537757989,"fence",76,0.0534553954663525
"400","Nr1h2",0.0198401397719534,-0.052853963612017,"bag",152,0.022063812598279
"401","Nr1i2",0.014166168716529,-0.0258530980481216,"bag",207,0.019997630277612
"402","Nr1i3",0.0184816461099829,-0.0215466554887087,"bag",181,0.0260792242591767
"403","Nr2c1",0.0648716502058292,-0.139493563258985,"outlier",16,0.117231623898129
"404","Nr2c2",-0.0321663210640948,0.00667794937316399,"fence",71,0.0582422626088219
"405","Nr2e1",-0.0136397547532677,0.0010772091878301,"bag",143,0.0446771834701347
"406","Nr2e3",-0.0487973701295941,0.041069442063732,"outlier",3,0.0961511785532447
"407","Nr2f1",0.0670991061322285,-0.12109394437109,"outlier",28,0.103674792418167
"408","Nr2f2",0.0469305421996705,-0.123870883647054,"outlier",32,0.0945978229060853
"409","Nr2f6",0.0661728832282936,-0.144880228694773,"outlier",10,0.122474784747614
"410","Nr3c1",-0.00292535548832486,0.018998362344124,"fence",48,0.0602066044208205
"411","Nr3c2",0.0165494671971007,0.00690892936805901,"bag",108,0.0503756733106154
"412","Nr4a2",-0.00942079790512357,-0.118155342603714,"bag",88,0.0778143998521388
"413","Nr4a3",0.0304877186152461,-0.0762920000964777,"bag",96,0.0458172432422947
"414","Nr5a2",0.0532830351415182,-0.088423863347117,"fence",47,0.070402309588018
"415","Nr6a1",-0.000729191061883569,-0.028907796107997,"bag",290,0.0123100028275017
"416","Nrl",0.0872859640219724,0.0009313953108495,"outlier",23,0.0957952170803813
"417","Obox1",-0.0370683301433244,-0.0798526548750868,"bag",98,0.0544779984042534
"418","Obox3",-0.0337517430476845,-0.072239366613186,"bag",112,0.0468240010783875
"419","Obox5",-0.0456939535253059,-0.092587908936696,"fence",79,0.0696583872241972
"420","Obox6",-0.0158897087738034,-0.089743087803042,"bag",134,0.0515845504261079
"421","Olig1",0.0427861998437008,0.025341849754353,"outlier",21,0.0783619511389809
"422","Olig2",0.0344910989809848,0.015574952086204,"fence",39,0.0657073117974499
"423","Olig3",0.0691299095377659,0.015132268700099,"outlier",20,0.0881730414536718
"424","Onecut3",-0.00849602978130373,-0.0471859441523103,"bag",210,0.0114551517403794
"425","Osr1",-0.0076739298652918,0.0288161146215675,"fence",29,0.0704433429982919
"426","Osr2",-0.012786039274454,0.0318223849255846,"outlier",24,0.0742174058498681
"427","Otp",-0.101483159280462,-0.19846960659172,"outlier",5,0.187927729776493
"428","Otx1",-0.0131794154520908,-0.095236836857001,"bag",128,0.0560423283431854
"429","Otx2",-0.00225755786669822,-0.089107035452994,"bag",148,0.0481629145460718
"430","Ovol1",0.0129429907232439,0.017446542588459,"fence",52,0.0596830957590602
"431","Patz1",-0.0221100117889465,-0.100034683727558,"bag",107,0.0634029448370683
"432","Pax2",0.0511150838223856,-0.027361649222534,"fence",80,0.0517739137018104
"433","Pax3",0.00567762602844068,0.004155660791303,"bag",149,0.0454454913920043
"434","Pax4",-0.0900848528563443,-0.197333339771901,"outlier",5,0.18096900774509
"435","Pax5",-0.046491990895929,-0.028874705369403,"fence",80,0.0492145589466024
"436","Pax6",-0.0858215618815597,-0.161024452951351,"outlier",28,0.14819031959638
"437","Pax7",-0.0336645377112747,-0.0953553398272933,"bag",94,0.0645126572970431
"438","Pax9",-0.0184098202764305,-0.057868009844044,"bag",174,0.0258135782032987
"439","Pbx1",0.0310620056859136,-0.0455161699295281,"bag",126,0.0302031493169281
"440","Pbx2",-0.000112473026278388,-0.02678320843238,"bag",287,0.0143434383236141
"441","Pbx3",0.0268874230911305,-0.015469614616117,"bag",136,0.0362725851961187
"442","Pbx4",-0.000112473026278388,-0.02678320843238,"bag",287,0.0143434383236141
"443","Pdx1",0.0108037645176422,-0.0713108393468332,"bag",152,0.0317350676778576
"444","Phf21a",-0.0373239284140148,-0.021003889464476,"bag",114,0.0434251064231495
"445","Phox2a",-0.0924821067555507,-0.175477897837213,"outlier",15,0.163830041979821
"446","Phox2b",-0.0761283163949655,-0.147456639761557,"outlier",34,0.131516136672374
"447","Pit1",0.0193931547535332,-0.091959945270509,"bag",91,0.054050477456369
"448","Pitx1",-0.0275582180235929,-0.087918856956726,"bag",111,0.0549673181881178
"449","Pitx2",-0.0456939535253059,-0.092587908936696,"fence",79,0.0696583872241972
"450","Pitx3",-0.00225755786669822,-0.089107035452994,"bag",148,0.0481629145460718
"451","Pknox1",-0.0327843970883738,0.00793788335669431,"fence",65,0.0596294750686243
"452","Pknox2",-0.0306658641294284,0.012222673901756,"fence",59,0.0620848892031119
"453","Plag1",0.00541569918251788,-0.064745162112475,"bag",188,0.0240520408617289
"454","Plagl1",-0.0222095872809026,-0.054759003749596,"bag",173,0.0271093313070045
"455","Pou1f1",0.0090858297245339,-0.096457306025804,"bag",106,0.0559499507609035
"456","Pou2f1",-0.0726104099476001,-0.144072149067572,"outlier",38,0.126713037215285
"457","Pou2f2",0.0107272618400313,-0.120795856913188,"fence",57,0.0802969237837908
"458","Pou2f3",-0.0185652071568558,-0.132062714791509,"fence",62,0.0931145572365988
"459","Pou3f1",-0.020890604586774,-0.119108981102709,"fence",81,0.081104515645687
"460","Pou3f2",0.0135328495994237,-0.124671321505972,"fence",49,0.0845102358308746
"461","Pou3f3",-0.0374320587345068,-0.029341893501998,"bag",126,0.0403611304893479
"462","Pou3f4",-0.00864162970854043,-0.120944457405084,"fence",80,0.0804794882004198
"463","Pou4f3",-0.013142106992307,-0.118350506874796,"bag",86,0.0786003554577627
"464","Pou5f1",0.00268735472603715,0.00847836278967698,"bag",112,0.0495685815591956
"465","Pou6f1",0.000823066700786079,-0.140627131721083,"fence",42,0.0995602560403535
"466","Pou6f2",-0.00400635833649543,-0.163524755131951,"outlier",18,0.122567338119237
"467","Ppara",0.0021721746230933,-0.0184478670603252,"bag",265,0.0226410670546865
"468","Ppard",0.0111150025000151,-0.040171666257962,"bag",212,0.00996707478217759
"469","Pparg",0.0377918634729977,-0.0105595573811534,"bag",91,0.0476503961590511
"470","Prdm1",-0.0599735756374458,0.0145674362312776,"outlier",10,0.0826802442465194
"471","Prdm11",-0.000658440256311345,0.00296185167969901,"bag",160,0.0440681082200456
"472","Prdm4",-0.0217787671567234,-0.00359142032847654,"bag",145,0.0439538945013139
"473","Prkrir",-0.0131865701793001,0.0132555296558118,"fence",69,0.0561928160883349
"474","Prop1",-0.0949496520599947,-0.195367044132118,"outlier",8,0.181798888070451
"475","Prrx1",-0.0743853683198694,-0.187669310240457,"outlier",11,0.164934691689419
"476","Prrx2",-0.0262728783817499,-0.107580514160153,"bag",91,0.0719589450679156
"477","Ptf1a",0.00653021351982236,0.0108129134972503,"bag",86,0.0521547540129252
"478","Q8VHG7_MOUSE",-0.0479498390470483,-0.098690207356167,"fence",72,0.075729288310866
"479","Rara",0.0673586866781167,-0.131034350007722,"outlier",20,0.111680569942418
"480","Rarb",0.0569638105814529,-0.136514214544635,"outlier",22,0.11054852936446
"481","Rarg",0.0627956769951399,-0.136801611836502,"outlier",18,0.113844120697626
"482","Rax",-0.0831239720779354,-0.168222283708805,"outlier",23,0.152567630693771
"483","Rel",0.0655520298693642,-0.02679633337037,"fence",57,0.0659269355698892
"484","Rela",0.0666464948316916,-0.013504917719254,"fence",48,0.0710244844940202
"485","Rfx1",0.0253788208995,-0.0029496942922248,"bag",114,0.0451459105682897
"486","Rfx2",0.065317710020181,-0.0090150200684119,"fence",48,0.0716934391580245
"487","Rfx3",0.0162763485425576,-0.0157029119921209,"bag",188,0.0295129579917537
"488","Rfx4",0.0198312914504826,-0.0013452101935681,"bag",128,0.043879677525987
"489","Rfx5",0.0127417883385145,-0.00294230429776514,"bag",159,0.0398373914641352
"490","Rfx6",0.0151217939613116,-0.00700849931157801,"bag",166,0.036798935637381
"491","Rfx7",0.025780446966103,-0.0011100763505097,"bag",105,0.0469188066211875
"492","Rfx8",0.065317710020181,-0.0090150200684119,"fence",48,0.0716934391580245
"493","Rhox11",-0.034827559653597,0.000583568770583992,"fence",78,0.0550631950021089
"494","Rhox6",-0.0323055407303308,-0.159538398691935,"fence",28,0.123114493626673
"495","Rhox8",-0.0734321467426874,-0.021979955495933,"outlier",10,0.0770230028824476
"496","Rhox9",-0.0323055407303308,-0.159538398691935,"fence",28,0.123114493626673
"497","Rora",-0.0177508084512026,-0.0930998680426187,"bag",123,0.05537193652061
"498","Rorb",0.0194236972396822,-0.100174573867861,"fence",75,0.0618560549898054
"499","Rorc",-0.0338731072209492,-0.0490044502597151,"bag",136,0.0359485015555568
"500","Rreb1",0.033432200651257,-0.153837091714672,"outlier",14,0.117288709998658
"501","Runx1",0.0695889638460915,0.0411401404312042,"outlier",6,0.106942780416251
"502","Runx2",0.0677868740529683,0.00495378350686914,"outlier",29,0.0809526808106972
"503","Rxra",0.0636026485676592,-0.128265476109194,"outlier",24,0.107233546592922
"504","Rxrb",0.0363624352135243,-0.118286681698584,"fence",41,0.0848529124929314
"505","Rxrg",0.0616039239183682,-0.111687618044658,"outlier",32,0.0929367830986665
"506","Scrt1",-0.0232362611475849,-0.000522588939392398,"bag",127,0.047333405942153
"507","Scrt2",-0.0227609006719665,0.0077126633406282,"bag",92,0.0543421718597763
"508","Scx",0.0101806915710524,-0.0122824412088419,"bag",205,0.0301570197543831
"509","Sebox",-0.106119831044849,-0.171555491760111,"outlier",11,0.168944171487143
"510","Setbp1",-0.00414887613378751,-0.00020980850387603,"bag",180,0.0412048519226739
"511","Sfpi1",-0.0484283392752737,0.00810430880401479,"fence",23,0.0698547017891078
"512","Shox2",-0.038200882544306,-0.12537482856118,"fence",69,0.093054948636698
"513","Sim1",0.0255402477043695,-0.014874110462159,"bag",142,0.0357647139515048
"514","Six1",0.0285534933827157,-0.000305669468421976,"bag",92,0.0490956809074977
"515","Six2",0.0266125828594089,-8.29451713780238e-05,"bag",97,0.0482300015683082
"516","Six3",0.0415021074798593,-0.004627232370014,"fence",74,0.0543424489611819
"517","Six4",0.0235664156191212,-0.001286318134361,"bag",117,0.0456434810957841
"518","Six6",0.0182776621428374,0.009156817055544,"bag",90,0.0530521804709019
"519","Smad3",0.00946791889492019,0.011466741909756,"fence",76,0.0531827406969222
"520","Smarcc2",0.0230277281758305,-0.0236652825766935,"bag",161,0.0279249101105439
"521","Snai1",-0.0328139330886311,0.017656735394142,"fence",38,0.0678578743552605
"522","Sohlh2",0.0184589865798532,-0.012245569297975,"bag",166,0.0336003556135243
"523","Sox10",0.0125014482548406,-0.013340472345068,"bag",200,0.0299462609480522
"524","Sox11",0.0151334345722321,-0.000239563109445701,"bag",141,0.0431438490149044
"525","Sox12",0.0565035457618362,0.010777766729227,"outlier",28,0.0758136921742645
"526","Sox13",-0.0185678693882243,-0.020406715065009,"bag",202,0.0285862735171782
"527","Sox14",0.0631758817294725,0.00341815966683201,"outlier",33,0.0762983730812722
"528","Sox15",0.0200390061368906,-0.00612363087219291,"bag",140,0.0397042485180256
"529","Sox17",0.0873756038839444,-0.0148472167823977,"outlier",31,0.0900875231649494
"530","Sox18",0.0171197556686609,0.00855796177572099,"bag",93,0.0521200839140865
"531","Sox2",0.0455153516144119,0.00935850952064901,"fence",39,0.0671392360682648
"532","Sox21",0.0238461669127984,0.0016915073445229,"bag",101,0.0483912885351276
"533","Sox3",0.0289002510227675,0.00916925397166299,"fence",64,0.0573732499293564
"534","Sox30",0.0228451148249945,0.00196322428012102,"bag",105,0.0481732912815698
"535","Sox4",0.0281074777656145,0.018868544484621,"fence",38,0.0657037177529345
"536","Sox5",0.0189135458400274,0.013111854134943,"fence",64,0.0570051987172027
"537","Sox6",0.0210097505282914,0.012427805123257,"fence",67,0.0570494833717458
"538","Sox7",0.0171197556686609,0.00855796177572099,"bag",93,0.0521200839140865
"539","Sox9",0.0611314641471589,-0.00852018839466001,"fence",55,0.0682093596921249
"540","Sp1",0.000711784518458678,-0.12035866400466,"fence",68,0.0792925501767256
"541","Sp100",-0.0221939428665564,-0.0516024538815819,"bag",177,0.0256459014791355
"542","Sp110",-0.00404195528200846,-0.0090918822745941,"bag",231,0.0324005912819318
"543","Sp140",-0.020528002714713,0.029490391042963,"outlier",28,0.0738242439406649
"544","Sp2",-0.00924633501312552,-0.063280482766516,"bag",183,0.0245417115060413
"545","Sp4",0.00559052310834972,-0.0784791405576211,"bag",153,0.0376697127692071
"546","Sp5",0.0182378320693743,-0.0937018565297649,"bag",89,0.0553268307308793
"547","Sp7",0.0148350003562765,-0.122098724635623,"fence",51,0.0821722896650556
"548","Spdef",-0.0185648206700606,0.019122982813088,"fence",49,0.0633489097431056
"549","Spib",-0.0327672288835282,0.039426920697569,"outlier",17,0.0873632366811122
"550","Spic",-0.0476992899868654,0.00265488758569521,"fence",30,0.0655869260139107
"551","Spz1",0.00569713284028972,-0.00229053004405699,"bag",194,0.0390382729474305
"552","Srebf1",0.0733528181263311,-0.049450257053316,"fence",42,0.0726497872172918
"553","Srebf2",0.0542487594597307,-0.022467546563808,"fence",72,0.0562261086945478
"554","Srf",0.0390698573310974,-0.021969370252961,"bag",99,0.0424235171980093
"555","Sry",0.0150831506671582,0.00490443588686798,"bag",124,0.0480259380793396
"556","Stat1",-0.0108241523090341,-0.102347318382691,"bag",111,0.0624460479131977
"557","Stat2",-0.0984260320922457,0.022155365245852,"outlier",2,0.117983668388984
"558","Stat3",-0.0100284636949463,-0.123036333484132,"fence",78,0.0827326861699917
"559","Stat4",-0.023997063839838,-0.100247912047378,"bag",104,0.064316536920783
"560","Stat5a",-0.00534688369223526,-0.106403826886396,"bag",107,0.0656623021517498
"561","Stat5b",-0.0206666193231688,-0.135073204718298,"fence",59,0.0965126946863519
"562","Stat6",-0.000984499379881783,0.024963100783286,"fence",37,0.0660663846751944
"563","T",-0.0314261680670071,-0.0099728134787656,"bag",120,0.0450620023415649
"564","Tbr1",-0.00141303840407654,-0.0050397386529393,"bag",214,0.036121595781266
"565","Tbx1",-8.02732296852316e-05,-0.017192741933805,"bag",273,0.02390848075977
"566","Tbx10",-8.02732296852316e-05,-0.017192741933805,"bag",273,0.02390848075977
"567","Tbx19",0.0100309227451093,-0.0156653892411144,"bag",216,0.026897249235354
"568","Tbx2",0.000832878218086239,-0.027765883858309,"bag",282,0.0133064085005207
"569","Tbx20",-0.0147261954050723,-0.0201802109879518,"bag",218,0.0262593033654309
"570","Tbx21",0.0284902483773563,-0.0309545622279588,"bag",135,0.0291147788833267
"571","Tbx3",0.00191293690410911,-0.0291805684200305,"bag",274,0.0119090454491412
"572","Tbx4",-0.00301551086334981,-0.0272418321065054,"bag",297,0.014450679588456
"573","Tbx5",-0.00107314350543387,-0.035272794581991,"bag",259,0.00622038085172521
"574","Tcf12",-0.0307342777757653,0.0083905763843623,"fence",71,0.0588655671798507
"575","Tcf15",0.0101806915710524,-0.0122824412088419,"bag",205,0.0301570197543831
"576","Tcf21",0.0260053448274373,0.0085872507121655,"fence",69,0.0555111330729714
"577","Tcf3",-0.0314439363963402,0.0121411953309007,"fence",56,0.0624181954274861
"578","Tcf4",-0.0305312838421991,0.0083838256221065,"fence",73,0.058750049562598
"579","Tcf7",-0.0345949542484694,-0.0091489662243841,"bag",99,0.0479503386627036
"580","Tcf7l1",-0.0173598779105139,-0.0395437439084737,"bag",219,0.0186106376375617
"581","Tcf7l2",-0.0418283868524459,-0.0442429930870316,"bag",108,0.043133703747084
"582","Tcfap2a",0.0102744859234261,-0.019922499943375,"bag",226,0.0230146092015445
"583","Tcfap2b",0.0287073468584607,-0.00963653104531997,"bag",118,0.0417756885703048
"584","Tcfap2c",0.00640845318954302,-0.0266236626772129,"bag",249,0.0153582565289193
"585","Tcfap2d",-0.0221867903752912,-0.017634778944591,"bag",186,0.0330981583426993
"586","Tcfap2e",0.0220752460467058,-0.010336978483236,"bag",148,0.0371568760485278
"587","Tcfap4",0.00964426677531388,0.00653548895328901,"bag",121,0.0483482444198825
"588","Tcfcp2",-0.116828803859773,-0.0546729067839409,"outlier",3,0.118798720658941
"589","Tcfcp2l1",-0.0242871305495302,0.0019990937858734,"bag",112,0.0500373015897383
"590","Tcfe3",0.0785747515383544,-0.078854867324725,"outlier",31,0.0861193875898895
"591","Tcfeb",0.0791435008348037,-0.0866785798075339,"outlier",27,0.0903182382809532
"592","Tcfec",0.0660412019225914,-0.0787606719327439,"fence",40,0.075011161239781
"593","Tcfl5",0.02706683660988,-0.0280619862807301,"bag",140,0.0289628154933924
"594","Tef",0.0519510026107255,-0.00212050812941871,"fence",57,0.0639822361891691
"595","Terf2",0.00826168199366487,-0.015324312812905,"bag",226,0.0266973249493672
"596","Tfdp1",-0.0282128053456093,-0.018791121161616,"bag",168,0.036887158003214
"597","Tgif1",-0.0286824704008949,0.013872679880459,"fence",54,0.0625355068077537
"598","Tgif2",-0.0320828719761306,0.010758619530707,"fence",60,0.0615866901038449
"599","Tlx1",-0.0195313620498013,-0.0051383317006253,"bag",157,0.0414754341279697
"600","Tlx2",-0.102591211068331,-0.122949382741865,"outlier",9,0.132192346064754
"601","Tlx3",-0.0195313620498013,-0.0051383317006253,"bag",157,0.0414754341279697
"602","Trp53",0.00320567938450991,-0.0046121127740032,"bag",219,0.0365112107212692
"603","Trp73",0.0430137651061465,-0.076220974102874,"fence",72,0.0546363928436441
"604","Twist2",0.0746364496384146,-0.010601817615839,"outlier",39,0.0795160071083535
"605","Uncx",-0.0318439813924686,-0.182923007389349,"outlier",6,0.145650615603533
"606","Usf1",0.0581194275302895,-0.0705938840205761,"fence",54,0.0641323720587079
"607","Usf2",0.0567132546766732,-0.070010995170946,"fence",58,0.0626158685102792
"608","Vax1",-0.0367767579259752,-0.120721240384287,"fence",73,0.0882386230579888
"609","Vax2",-0.0410909590111511,-0.129310677480496,"fence",64,0.0978487798034221
"610","Vdr",-0.002764184743195,-0.0355713099793511,"bag",253,0.00676982411656875
"611","Vsx1",-0.0884181577400953,-0.171253237526098,"outlier",18,0.15804311640586
"612","Vsx2",-0.0966377461673216,-0.168177185849359,"outlier",17,0.16039573087537
"613","Xbp1",0.0827931629648588,-0.036347234790659,"outlier",34,0.0817412966397845
"614","Yy1",0.0290816265121487,0.0283560343641028,"fence",22,0.0748175960063192
"615","Zbtb1",-0.0270837428981104,-0.014258821920378,"bag",161,0.0389617053239492
"616","Zbtb12",-0.0168921239621746,0.020698471684938,"fence",45,0.06435791788373
"617","Zbtb3",0.0015565127589484,0.00331994572430201,"bag",158,0.04438901867295
"618","Zbtb4",-0.0150523758272253,-0.030030278737281,"bag",246,0.0196361884479467
"619","Zbtb49",-0.0258469210212422,-0.0034431002757164,"bag",132,0.0463303414166228
"620","Zbtb6",0.00644947862338196,0.0117518876255081,"fence",77,0.0530808139727304
"621","Zbtb7b",0.0137271884112336,-0.1021999803779,"bag",82,0.0624051201476976
"622","Zeb1",-0.0299399263242008,0.000792466423673,"bag",97,0.0521653651779051
"623","Zfa",0.0027574172315104,-0.017080474700891,"bag",260,0.0240383398485392
"624","Zfp105",-0.0201777011404316,0.0177501789671528,"fence",52,0.0625781872256766
"625","Zfp110",0.0117324505938589,0.007900175190209,"bag",106,0.0500900925718478
"626","Zfp128",-0.00338365943557863,-0.0113421307568036,"bag",242,0.0300749536674305
"627","Zfp143",0.0339348730020985,-0.0409296003847993,"bag",121,0.0327468916320797
"628","Zfp161",0.00621945864932727,-0.0204173394874101,"bag",246,0.0212542665933859
"629","Zfp187",-0.0324873761393942,-0.044521152795641,"bag",147,0.0338522772538054
"630","Zfp202",-0.00383913647148189,-0.180230513993365,"outlier",4,0.139253749084973
"631","Zfp238",0.0174134455413415,0.0036600697152839,"bag",121,0.0475795735822627
"632","Zfp263",0.0268467352609604,0.0028780257504833,"bag",88,0.0508878175402245
"633","Zfp281",0.00760240979614542,-0.167720967889691,"outlier",9,0.126815734698346
"634","Zfp282",0.0135452179294317,-0.00465821002418901,"bag",163,0.0384491069437629
"635","Zfp3",0.0137454315590255,-0.046487167485744,"bag",187,0.0136767891241063
"636","Zfp300",0.026309690183149,-0.000403950313825008,"bag",99,0.0477976320485781
"637","Zfp369",0.0117324505938589,0.007900175190209,"bag",106,0.0500900925718478
"638","Zfp410",0.0960069609270112,-0.00929271468485099,"outlier",26,0.100001118290327
"639","Zfp523",0.00829199787473903,-0.0346095895360073,"bag",236,0.00960042279111859
"640","Zfp524",0.00459088990186351,-0.0373009558667665,"bag",254,0.0050759242158454
"641","Zfp637",0.0961546271010094,-0.0338733599153069,"outlier",25,0.0952384634663778
"642","Zfp652",-0.00667856992708542,-0.0774436995967071,"bag",164,0.0372170899890079
"643","Zfp691",0.0100676923849461,-0.0123602824535371,"bag",208,0.0300491440750566
"644","Zfp711",-0.0124957732575326,-0.019817658820197,"bag",228,0.0252747062559555
"645","Zfp740",-0.000638375654672316,-0.198430249967469,"outlier",1,0.157373305861593
"646","Zfp784",-0.0377718681367949,0.008141905464534,"fence",49,0.0627651382330465
"647","Zfp957",-0.0309013951919668,-0.00913550782055,"bag",121,0.0452703188150955
"648","Zfx",-0.00365326580181877,-0.022993551644531,"bag",281,0.0187112196677983
"649","Zfy1",0.0027574172315104,-0.017080474700891,"bag",260,0.0240383398485392
"650","Zic1",-0.0154020112094407,-0.00915653858930204,"bag",183,0.0359659541289062
"651","Zic2",-0.0161455035542137,-0.031031535281058,"bag",241,0.0200295100592313
"652","Zic3",-0.0155609751590438,-0.014821065496226,"bag",198,0.031135429823662
"653","Zic4",-0.0145575291073151,-0.031649872642236,"bag",251,0.0183472835037083
"654","Zic5",-0.00424744303241927,-0.0886284014299029,"bag",146,0.0478704712064147
"655","Zkscan1",0.0377747396137987,-0.069117168222916,"bag",90,0.0461015287530121
"656","Zkscan3",0.0210094900939375,-0.0076678551726586,"bag",142,0.0388383831307481
"657","Zkscan5",0.0212543347627864,0.0098150604407844,"fence",81,0.0546963112630332
"658","Zscan10",-0.0209261194795857,-0.0138807609398853,"bag",179,0.0350452216664786
"659","Zscan20",0.042207393377975,0.00745696052570699,"fence",47,0.0635389330319178
"660","Zscan4",-0.00152040556089749,-0.0748509204911459,"bag",174,0.0338917889654884
"661","Zscan4-ps2",-0.00236530474694175,-0.068122161319121,"bag",179,0.0272869958784546
"662","Zscan4c",-0.00236530474694175,-0.068122161319121,"bag",179,0.0272869958784546
"663","Hnf1b_duct",0.030436456322384,-0.0921025531152186,"fence",69,0.0588220051774127
"664","Tead_duct",-0.0319608345048005,-0.0012659690716022,"bag",93,0.0517979607985092
"665","Nr5a2_duct",0.0193037885225685,-0.0413494585259376,"bag",168,0.0181177100342212
"666","Onecut_duct",0.0573607188466808,-0.084644347928178,"fence",44,0.0710934701912508
"667","Gata1_duct",-0.0322439055137876,-0.00243968806702799,"bag",94,0.0510864155892057
"668","Foxp_duct",-0.0471618379533359,0.00300727111778849,"fence",31,0.0654241743125988
"669","Rbpj_duct",0.0440037584901723,-0.0048844165591452,"fence",71,0.0560569773601001
"670","Rfx_endo",0.0100400808329048,-0.00755238611514,"bag",194,0.034664397151551
"671","Neurod1_endo",-0.0116969668541889,0.018646141106009,"fence",50,0.0610880818700678
"672","Mafb_endo",0.0873339585150207,-0.020892235776665,"outlier",30,0.0884766773912754
"673","Foxo_endo",-0.0312160572581279,-0.016242258623053,"bag",144,0.040820771892109
"674","Isl1_endo",-0.0012427810876412,-0.03503497297673,"bag",260,0.00650399492517351
"675","Nkx6.1_endo",-0.0272525825761331,-0.076179918571332,"bag",129,0.0451858489655623
"676","Neurog3__ngn3",-0.000902975574467885,0.00584142015727601,"bag",135,0.0469555574491033
"677","Neurod__ngn3",0.00283159641836582,0.0059170095852462,"bag",136,0.0470132846356745
"678","Rfx__ngn3",0.0101394968728667,0.00377545546040001,"bag",147,0.0457276630018529
"679","Pax6_ngn3",-0.109067835010556,-0.205047809475478,"outlier",3,0.197600445564081
"680","Meis_ngn3",-0.0263676294729047,0.012370481838083,"fence",66,0.0601244581465673
"681","Creb_ngn3",0.00860983247471203,-0.000691752469171969,"bag",173,0.0410522133899991
